{"stats":{"minecraft:picked_up":{"minecraft:dirt":3},"minecraft:used":{"glacial:firn":5,"minecraft:iron_pickaxe":6,"glacial:firn_bricks":6},"minecraft:mined":{"glacial:firn_bricks":4,"glacial:firn":2,"minecraft:grass_block":3},"minecraft:custom":{"minecraft:jump":4,"minecraft:time_since_rest":1410,"minecraft:leave_game":1,"minecraft:crouch_one_cm":328,"minecraft:play_one_minute":1410,"minecraft:sprint_one_cm":1577,"minecraft:time_since_death":1410,"minecraft:walk_one_cm":5298,"minecraft:sneak_time":100,"minecraft:fly_one_cm":1054}},"DataVersion":2586}