{
  "schemaVersion": 1,
  "id": "glacial",
  "version": "0.0.01",

  "name": "Glacial Mod",
  "description": "Ice, Ice everywhere, its all just ice!",
  "authors": [
    "Acid_Drop"
  ],
  "contact": {
    "homepage": "https://fabricmc.net/",
    "sources": "https://github.com/FabricMC/fabric-example-mod"
  },

  "license": "CC0-1.0",
  "icon": "assets/glacial/icon.png",

  "environment": "*",
  "entrypoints": {
    "main": [
      "com.acid.glacial.glacial"
    ]
  },
  "mixins": [
  ],

  "depends": {
    "fabricloader": ">=0.11.3",
    "fabric": "*",
    "minecraft": "1.16.x",
    "java": ">=16"
  },
  "suggests": {
    "another-mod": "*"
  }
}
